beetle_ID,sire,dam,treatment,diapause,time,dead,Day 1,Day 2,Day 3,Day 4,Day 5,Day 6,Day 7,Day 8,Day 9,Day 10,Day 11,Day 12,Day 13,Day 14,Day 15,Day 16,Day 17,Day 18,Day 19,Day 20,Day 21,Day 22,Day 23,Day 24,Day 25,Day 26,Day 27,Day 28,Day 29,Day 30,Day 31,Day 32,Day 33,Day 34,Day 35,Day 36,Day 37,Day 38,Day 39,Day 40,Day 41,Day 42,Day 43
01-A-L,1,A,L,1,22,,1,1,1,1,1,1,1,1,1,1,1,1,1,0,1,1,0,1,0,0,1,0,0,0,0,0,0,0,,,,,,,,,,,,,,,
01-B-L,1,B,L,1,6,,1,1,1,1,1,0,0,0,0,0,0,0,,,,,,,,,,,,,,,,,,,,,,,,,,,,,,,
01-C-L,1,C,L,1,7,,1,1,1,1,1,1,0,0,0,0,0,0,0,,,,,,,,,,,,,,,,,,,,,,,,,,,,,,
01-D-L,1,D,L,1,17,,1,1,1,1,1,1,1,1,1,1,1,1,1,1,0,1,0,0,0,0,0,0,0,,,,,,,,,,,,,,,,,,,,
01-E-L,1,E,L,1,15,,1,1,1,1,1,1,1,1,1,1,1,1,1,1,0,0,0,0,0,0,0,,,,,,,,,,,,,,,,,,,,,,
02-A-L,2,A,L,1,5,,1,1,1,1,0,0,0,0,0,0,0,0,0,0,0,0,0,0,0,,,,,,,,,,,,,,,,,,,,,,,,
02-B-L,2,B,L,1,5,,1,1,1,1,0,0,0,0,0,0,0,0,0,0,0,0,0,0,0,,,,,,,,,,,,,,,,,,,,,,,,
02-D-L,2,D,L,0,43,,1,1,1,1,1,1,1,1,0,1,1,1,0,1,1,1,1,1,1,0,1,1,1,0,1,1,1,1,1,0,1,1,1,1,0,1,1,1,1,0,0,1,1
02-E-L,2,E,L,0,5,1,1,1,0,0,0,DEAD,,,,,,,,,,,,,,,,,,,,,,,,,,,,,,,,,,,,,
02-F-L,2,F,L,1,9,,1,1,1,1,1,1,0,1,0,0,0,0,0,0,0,,,,,,,,,,,,,,,,,,,,,,,,,,,,
02-H-L,2,H,L,1,8,,1,1,1,1,1,1,1,0,0,0,0,0,0,0,,,,,,,,,,,,,,,,,,,,,,,,,,,,,
03-A-L,3,A,L,1,12,,1,1,1,1,1,1,1,1,1,1,1,0,0,0,0,0,0,0,,,,,,,,,,,,,,,,,,,,,,,,,
03-B-L,3,B,L,1,15,,1,1,1,1,1,1,1,1,1,0,1,0,0,1,0,0,0,0,0,0,0,,,,,,,,,,,,,,,,,,,,,,
03-C-L,3,C,L,1,7,,1,1,1,1,1,1,0,0,0,0,0,0,0,,,,,,,,,,,,,,,,,,,,,,,,,,,,,,
03-D-L,3,D,L,1,6,,1,1,1,1,1,0,0,0,0,0,0,0,,,,,,,,,,,,,,,,,,,,,,,,,,,,,,,
03-E-L,3,E,L,1,8,,1,1,1,1,1,1,1,0,0,0,0,0,0,0,,,,,,,,,,,,,,,,,,,,,,,,,,,,,
03-F-L,3,F,L,1,8,,1,1,1,1,1,0,1,0,0,0,0,0,0,0,,,,,,,,,,,,,,,,,,,,,,,,,,,,,
03-G-L,3,G,L,1,8,,1,1,1,1,1,1,1,0,0,0,0,0,0,0,,,,,,,,,,,,,,,,,,,,,,,,,,,,,
03-H-L,3,H,L,1,11,,1,1,1,1,1,1,0,0,1,1,0,0,0,0,0,0,0,,,,,,,,,,,,,,,,,,,,,,,,,,
04-A-L,4,A,L,1,8,,1,1,1,1,1,1,1,0,0,0,0,0,0,0,,,,,,,,,,,,,,,,,,,,,,,,,,,,,
04-D-L,4,D,L,1,8,,1,1,1,1,1,0,1,0,0,0,0,0,0,0,,,,,,,,,,,,,,,,,,,,,,,,,,,,,
04-E-L,4,E,L,1,7,,1,1,1,1,1,1,0,0,0,0,0,0,0,,,,,,,,,,,,,,,,,,,,,,,,,,,,,,
04-G-L,4,G,L,0,,1,DEAD,,,,,,,,,,,,,,,,,,,,,,,,,,,,,,,,,,,,,,,,,,
05-A-L,5,A,L,1,12,,1,1,1,1,1,1,1,1,1,0,1,0,0,0,0,0,0,0,,,,,,,,,,,,,,,,,,,,,,,,,
05-B-L,5,B,L,1,10,,1,1,1,1,1,1,0,1,1,0,0,0,0,0,0,0,,,,,,,,,,,,,,,,,,,,,,,,,,,
05-E-L,5,E,L,1,18,,1,1,1,1,1,1,1,1,1,1,1,0,1,0,1,0,1,0,0,0,0,0,0,0,,,,,,,,,,,,,,,,,,,
05-F-L,5,F,L,1,7,,1,0,1,1,1,1,0,0,0,0,0,0,0,,,,,,,,,,,,,,,,,,,,,,,,,,,,,,
05-G-L,5,G,L,1,15,,1,1,1,1,1,1,1,1,1,0,1,1,0,1,0,0,0,0,0,0,0,,,,,,,,,,,,,,,,,,,,,,
07-A-L,7,A,L,1,10,,1,1,1,1,1,1,1,1,1,0,0,0,0,0,0,0,,,,,,,,,,,,,,,,,,,,,,,,,,,
07-B-L,7,B,L,1,9,,1,1,1,1,1,1,1,1,0,0,0,0,0,0,0,,,,,,,,,,,,,,,,,,,,,,,,,,,,
07-C-L,7,C,L,1,19,,1,1,1,1,1,1,1,1,1,1,1,1,0,1,0,1,0,1,0,0,0,0,0,0,0,,,,,,,,,,,,,,,,,,
07-D-L,7,D,L,1,8,,1,1,1,1,1,1,1,0,0,0,0,0,0,0,,,,,,,,,,,,,,,,,,,,,,,,,,,,,
07-E-L,7,E,L,1,7,,1,1,1,1,1,1,0,0,0,0,0,0,0,,,,,,,,,,,,,,,,,,,,,,,,,,,,,,
07-F-L,7,F,L,1,6,,1,1,1,1,1,0,0,0,0,0,0,0,,,,,,,,,,,,,,,,,,,,,,,,,,,,,,,
07-G-L,7,G,L,1,4,,1,1,1,0,0,0,0,0,0,0,0,0,0,0,0,0,0,0,0,,,,,,,,,,,,,,,,,,,,,,,,
07-H-L,7,H,L,1,6,,1,1,1,1,1,0,0,0,0,0,0,0,,,,,,,,,,,,,,,,,,,,,,,,,,,,,,,
08-A-L,8,A,L,1,14,,1,1,1,1,1,1,1,1,1,1,1,1,1,0,0,0,0,0,0,0,,,,,,,,,,,,,,,,,,,,,,,
08-C-L,8,C,L,1,19,,1,1,1,1,1,1,1,1,1,1,1,1,1,0,1,0,0,1,0,0,0,0,0,0,0,,,,,,,,,,,,,,,,,,
08-E-L,8,E,L,0,2,1,0,1,DEAD,,,,,,,,,,,,,,,,,,,,,,,,,,,,,,,,,,,,,,,,
08-F-L,8,F,L,1,12,,1,1,1,1,1,1,1,1,1,1,1,0,0,0,0,0,0,0,,,,,,,,,,,,,,,,,,,,,,,,,
08-G-L,8,G,L,1,17,,1,0,1,1,1,1,1,1,1,1,1,1,0,1,0,1,0,0,0,0,0,0,0,,,,,,,,,,,,,,,,,,,,
08-H-L,8,H,L,1,7,,1,1,1,1,1,1,0,0,0,0,0,0,0,,,,,,,,,,,,,,,,,,,,,,,,,,,,,,
09-A-L,9,A,L,0,43,,1,1,1,1,1,1,1,1,1,1,1,0,1,0,1,1,1,1,1,1,1,1,1,1,0,1,1,1,0,0,1,1,1,1,1,1,1,0,1,0,1,0,1
09-B-L,9,B,L,1,10,,1,1,1,1,1,1,1,1,1,0,0,0,0,0,0,0,,,,,,,,,,,,,,,,,,,,,,,,,,,
09-C-L,9,C,L,0,31,1,1,1,1,0,1,1,1,1,0,0,1,1,1,1,0,1,1,1,1,1,1,0,1,1,1,0,1,1,0,1,0,DEAD,,,,,,,,,,,
09-D-L,9,D,L,1,10,,1,1,1,1,1,1,1,1,0,0,0,0,0,0,0,,,,,,,,,,,,,,,,,,,,,,,,,,,,
09-E-L,9,E,L,0,4,1,1,1,1,1,DEAD,,,,,,,,,,,,,,,,,,,,,,,,,,,,,,,,,,,,,,
09-F-L,9,F,L,1,9,,1,0,1,1,1,1,0,1,0,0,0,0,0,0,0,,,,,,,,,,,,,,,,,,,,,,,,,,,,
09-G-L,9,G,L,1,17,,1,1,1,1,1,1,1,1,1,1,1,0,1,1,0,1,0,0,0,0,0,0,0,,,,,,,,,,,,,,,,,,,,
10-A-L,10,A,L,1,8,,1,1,1,1,1,1,1,0,0,0,0,0,0,0,,,,,,,,,,,,,,,,,,,,,,,,,,,,,
10-B-L,10,B,L,0,10,1,1,1,1,1,1,1,0,0,0,0,DEAD,,,,,,,,,,,,,,,,,,,,,,,,,,,,,,,,
10-C-L,10,C,L,1,7,,1,1,1,1,1,1,0,0,0,0,0,0,0,,,,,,,,,,,,,,,,,,,,,,,,,,,,,,
10-D-L,10,D,L,1,6,,1,1,1,1,1,0,0,0,0,0,0,0,,,,,,,,,,,,,,,,,,,,,,,,,,,,,,,
10-F-L,10,F,L,1,7,,1,1,1,1,0,1,0,0,0,0,0,0,0,,,,,,,,,,,,,,,,,,,,,,,,,,,,,,
10-G-L,10,G,L,1,7,,1,1,1,1,1,1,0,0,0,0,0,0,0,,,,,,,,,,,,,,,,,,,,,,,,,,,,,,
10-H-L,10,H,L,1,12,,1,1,1,1,1,1,0,1,1,1,1,0,0,0,0,0,0,0,,,,,,,,,,,,,,,,,,,,,,,,,
11-A-L,11,A,L,1,17,,1,1,1,1,1,1,0,1,1,1,0,1,0,0,1,1,0,0,0,0,0,0,0,,,,,,,,,,,,,,,,,,,,
11-B-L,11,B,L,0,43,,1,1,1,1,1,1,1,1,1,1,1,1,0,1,1,1,0,1,0,0,0,0,0,1,1,1,0,0,1,1,1,0,0,1,1,0,1,0,1,0,1,0,0
11-C-L,11,C,L,1,13,,1,1,1,1,1,1,1,1,1,1,0,1,0,0,0,0,0,0,0,,,,,,,,,,,,,,,,,,,,,,,,
11-D-L,11,D,L,0,43,,1,1,1,1,1,1,1,1,1,1,1,1,1,1,1,1,0,1,0,1,1,1,1,1,1,1,1,1,1,1,1,1,1,1,0,1,1,1,1,0,1,1,0
11-E-L,11,E,L,1,15,,1,1,1,1,1,1,0,1,1,1,1,1,0,1,0,0,0,0,0,0,0,,,,,,,,,,,,,,,,,,,,,,
11-F-L,11,F,L,1,6,,1,1,1,1,1,0,0,0,0,0,0,0,,,,,,,,,,,,,,,,,,,,,,,,,,,,,,,
11-H-L,11,H,L,1,6,,1,1,0,1,1,0,0,0,0,0,0,0,,,,,,,,,,,,,,,,,,,,,,,,,,,,,,,
12-A-L,12,A,L,1,5,,1,1,1,1,0,0,0,0,0,0,0,0,0,0,0,0,0,0,0,,,,,,,,,,,,,,,,,,,,,,,,
12-B-L,12,B,L,0,43,,1,0,1,0,1,1,1,0,1,1,0,1,1,0,0,1,0,0,0,0,1,0,0,0,1,0,0,1,0,0,0,1,0,1,0,0,1,0,0,0,1,1,0
12-C-L,12,C,L,0,43,,1,1,1,1,1,1,1,1,1,1,1,0,1,1,1,0,1,1,0,1,1,1,1,1,1,1,1,1,1,1,1,1,0,1,1,1,1,1,1,0,1,1,0
12-D-L,12,D,L,1,14,,1,1,1,1,1,1,0,1,0,1,1,0,1,0,0,0,0,0,0,0,,,,,,,,,,,,,,,,,,,,,,,
12-E-L,12,E,L,0,12,1,1,1,1,1,1,1,1,1,1,0,0,0,DEAD,,,,,,,,,,,,,,,,,,,,,,,,,,,,,,
12-F-L,12,F,L,1,7,,1,1,1,1,1,1,0,0,0,0,0,0,0,,,,,,,,,,,,,,,,,,,,,,,,,,,,,,
12-H-L,12,H,L,0,7,1,1,1,1,1,1,0,1,DEAD,,,,,,,,,,,,,,,,,,,,,,,,,,,,,,,,,,,
13-A-L,13,A,L,1,11,,1,1,1,1,1,1,1,1,1,1,0,0,0,0,0,0,0,,,,,,,,,,,,,,,,,,,,,,,,,,
13-C-L,13,C,L,0,43,,1,1,1,1,1,1,1,1,0,1,1,0,1,1,1,0,1,1,1,1,1,1,0,1,1,1,1,1,1,1,1,0,1,1,1,1,1,1,1,1,1,0,0
13-D-L,13,D,L,0,8,1,1,1,1,1,1,1,0,0,DEAD,,,,,,,,,,,,,,,,,,,,,,,,,,,,,,,,,,
13-E-L,13,E,L,0,41,1,1,1,1,1,1,1,1,1,1,1,1,1,1,1,0,1,1,0,1,0,0,0,1,1,1,1,1,1,1,1,0,1,1,1,1,1,1,1,1,0,1,DEAD,
13-F-L,13,F,L,1,6,,0,1,1,0,1,0,0,0,0,0,0,0,,,,,,,,,,,,,,,,,,,,,,,,,,,,,,,
13-G-L,13,G,L,1,15,,1,1,1,1,1,1,1,1,1,1,1,1,0,1,0,0,0,0,0,0,0,,,,,,,,,,,,,,,,,,,,,,
13-H-L,13,H,L,0,10,1,1,1,1,1,0,0,0,0,0,0,DEAD,,,,,,,,,,,,,,,,,,,,,,,,,,,,,,,,
14-A-L,14,A,L,1,7,,1,1,1,1,0,1,0,0,0,0,0,0,0,,,,,,,,,,,,,,,,,,,,,,,,,,,,,,
14-B-L,14,B,L,1,13,,1,1,1,1,1,1,1,1,0,1,1,1,0,0,0,0,0,0,0,,,,,,,,,,,,,,,,,,,,,,,,
14-C-L,14,C,L,1,27,,1,1,1,1,1,1,1,1,1,1,1,1,1,0,1,1,1,1,1,1,0,0,0,1,0,1,0,0,0,0,0,0,0,,,,,,,,,,
14-E-L,14,E,L,1,7,,1,1,1,1,1,1,0,0,0,0,0,0,0,,,,,,,,,,,,,,,,,,,,,,,,,,,,,,
14-F-L,14,F,L,1,6,,1,1,1,1,1,0,0,0,0,0,0,0,,,,,,,,,,,,,,,,,,,,,,,,,,,,,,,
14-G-L,14,G,L,0,,1,DEAD,,,,,,,,,,,,,,,,,,,,,,,,,,,,,,,,,,,,,,,,,,
14-H-L,14,H,L,1,8,,1,1,1,1,1,1,1,0,0,0,0,0,0,0,,,,,,,,,,,,,,,,,,,,,,,,,,,,,
15-B-L,15,B,L,1,9,,1,1,1,1,1,1,1,1,0,0,0,0,0,0,0,,,,,,,,,,,,,,,,,,,,,,,,,,,,
16-A-L,16,A,L,0,1,1,1,DEAD,,,,,,,,,,,,,,,,,,,,,,,,,,,,,,,,,,,,,,,,,
16-B-L,16,B,L,1,5,,0,1,1,1,0,0,0,0,0,0,0,0,0,0,0,0,0,0,0,,,,,,,,,,,,,,,,,,,,,,,,
16-C-L,16,C,L,1,8,,1,1,1,1,1,1,1,0,0,0,0,0,0,0,,,,,,,,,,,,,,,,,,,,,,,,,,,,,
16-D-L,16,D,L,1,34,,1,1,1,1,1,1,1,1,1,1,1,1,1,1,1,1,1,1,1,0,1,0,0,1,1,1,1,1,1,0,1,1,1,0,0,0,0,0,0,0,,,
16-E-L,16,E,L,1,7,,1,1,1,0,1,1,0,0,0,0,0,0,0,0,,,,,,,,,,,,,,,,,,,,,,,,,,,,,
16-G-L,16,G,L,1,7,,1,0,1,0,1,1,0,0,0,0,0,0,0,,,,,,,,,,,,,,,,,,,,,,,,,,,,,,
17-A-L,17,A,L,1,9,,1,0,1,0,1,1,0,1,0,0,0,0,0,0,0,,,,,,,,,,,,,,,,,,,,,,,,,,,,
17-B-L,17,B,L,1,8,,1,1,1,1,0,1,1,0,0,0,0,0,0,0,,,,,,,,,,,,,,,,,,,,,,,,,,,,,
17-C-L,17,C,L,1,8,,1,1,1,1,1,1,1,0,0,0,0,0,0,0,,,,,,,,,,,,,,,,,,,,,,,,,,,,,
17-F-L,17,F,L,1,8,,1,1,1,1,1,1,1,0,0,0,0,0,0,0,,,,,,,,,,,,,,,,,,,,,,,,,,,,,
17-H-L,17,H,L,1,7,,1,1,1,1,1,1,0,0,0,0,0,0,0,,,,,,,,,,,,,,,,,,,,,,,,,,,,,,
18-A-L,18,A,L,1,10,,1,1,1,1,1,1,1,1,1,0,0,0,0,0,0,0,,,,,,,,,,,,,,,,,,,,,,,,,,,
18-B-L,18,B,L,0,31,1,1,1,1,1,1,1,1,1,1,1,1,1,1,1,1,0,1,1,0,0,1,1,1,1,1,1,1,1,1,0,1,DEAD,,,,,,,,,,,
18-C-L,18,C,L,1,13,,1,1,1,1,1,1,1,1,0,1,0,1,0,0,0,0,0,0,0,,,,,,,,,,,,,,,,,,,,,,,,
18-E-L,18,E,L,1,7,,1,1,1,1,1,1,0,0,0,0,0,0,0,,,,,,,,,,,,,,,,,,,,,,,,,,,,,,
18-G-L,18,G,L,0,43,,1,1,1,1,1,1,1,1,1,1,1,1,1,1,0,1,1,0,0,1,0,0,0,0,0,0,1,1,1,1,1,1,1,1,0,1,0,1,1,0,0,1,1
18-H-L,18,H,L,1,7,,1,1,1,1,1,1,0,0,0,0,0,0,0,0,,,,,,,,,,,,,,,,,,,,,,,,,,,,,
19-A-L,19,A,L,1,10,,1,1,1,1,1,1,1,1,1,0,0,0,0,0,0,0,,,,,,,,,,,,,,,,,,,,,,,,,,,
19-B-L,19,B,L,1,6,,1,1,1,1,1,0,0,0,0,0,0,0,,,,,,,,,,,,,,,,,,,,,,,,,,,,,,,
19-C-L,19,C,L,1,9,,1,1,1,1,1,1,1,1,0,0,0,0,0,0,0,,,,,,,,,,,,,,,,,,,,,,,,,,,,
19-D-L,19,D,L,1,7,,1,1,1,1,1,1,0,0,0,0,0,0,0,,,,,,,,,,,,,,,,,,,,,,,,,,,,,,
19-E-L,19,E,L,1,12,,1,1,1,1,1,1,1,0,0,0,1,0,0,0,0,0,0,0,,,,,,,,,,,,,,,,,,,,,,,,,
19-G-L,19,G,L,1,7,,1,1,1,1,1,1,0,0,0,0,0,0,0,,,,,,,,,,,,,,,,,,,,,,,,,,,,,,
19-H-L,19,H,L,0,38,1,1,1,1,1,1,1,1,1,1,1,1,1,1,1,1,1,1,1,1,1,1,0,1,1,1,0,1,1,1,1,1,1,1,1,1,1,0,1,DEAD,,,,
20-A-L,20,A,L,1,7,,1,1,1,1,0,1,0,0,0,0,0,0,0,,,,,,,,,,,,,,,,,,,,,,,,,,,,,,
20-B-L,20,B,L,0,40,1,1,1,1,1,1,1,0,0,1,1,1,1,1,1,1,0,0,1,0,1,1,1,1,1,1,1,1,0,1,0,1,1,1,1,1,1,0,1,1,0,DEAD,,
20-C-L,20,C,L,1,10,,1,?,1,1,1,1,1,1,1,0,0,0,0,0,0,0,,,,,,,,,,,,,,,,,,,,,,,,,,,
20-D-L,20,D,L,1,21,,1,1,1,1,1,1,0,1,1,1,1,0,1,0,1,0,0,1,0,1,0,0,0,0,0,0,0,,,,,,,,,,,,,,,,
20-E-L,20,E,L,1,10,,1,1,1,1,1,1,1,1,1,0,0,0,0,0,0,0,,,,,,,,,,,,,,,,,,,,,,,,,,,
20-G-L,20,G,L,1,14,,1,1,1,1,1,1,1,1,1,1,1,1,1,0,0,0,0,0,0,0,,,,,,,,,,,,,,,,,,,,,,,
21-A-L,21,A,L,1,9,,1,1,1,1,0,1,1,1,0,0,0,0,0,0,0,,,,,,,,,,,,,,,,,,,,,,,,,,,,
21-B-L,21,B,L,1,4,,1,1,1,0,0,0,0,0,0,0,0,0,0,0,0,0,0,0,0,,,,,,,,,,,,,,,,,,,,,,,,
21-C-L,21,C,L,1,11,,1,1,1,1,1,1,1,1,0,1,0,0,0,0,0,0,0,,,,,,,,,,,,,,,,,,,,,,,,,,
21-D-L,21,D,L,1,7,,1,1,1,1,1,1,0,0,0,0,0,0,0,,,,,,,,,,,,,,,,,,,,,,,,,,,,,,
21-E-L,21,E,L,1,7,,1,1,1,1,1,1,0,0,0,0,0,0,0,,,,,,,,,,,,,,,,,,,,,,,,,,,,,,
22-A-L,22,A,L,1,20,,1,1,1,1,1,1,1,1,1,1,1,1,1,1,0,1,0,1,1,0,0,0,0,0,0,0,,,,,,,,,,,,,,,,,
22-B-L,22,B,L,0,4,1,1,1,0,0,DEAD,,,,,,,,,,,,,,,,,,,,,,,,,,,,,,,,,,,,,,
22-C-L,22,C,L,1,12,,1,1,1,0,1,1,1,1,1,1,1,0,0,0,0,0,0,0,,,,,,,,,,,,,,,,,,,,,,,,,
22-D-L,22,D,L,0,13,1,1,1,1,1,1,1,1,1,1,0,1,0,0,DEAD,,,,,,,,,,,,,,,,,,,,,,,,,,,,,
22-E-L,22,E,L,0,19,1,1,1,1,1,1,1,1,1,1,0,1,1,1,1,1,1,0,1,1,DEAD,,,,,,,,,,,,,,,,,,,,,,,
22-F-L,22,F,L,1,8,,1,1,1,1,1,1,1,0,0,0,0,0,0,0,,,,,,,,,,,,,,,,,,,,,,,,,,,,,
22-G-L,22,G,L,1,10,,1,1,1,1,1,1,1,1,1,0,0,0,0,0,0,0,,,,,,,,,,,,,,,,,,,,,,,,,,,
23-C-L,23,C,L,1,16,,1,1,1,1,1,1,1,1,1,1,1,1,1,0,1,0,0,0,0,0,0,0,,,,,,,,,,,,,,,,,,,,,
23-D-L,23,D,L,1,11,,1,1,1,1,1,1,1,0,1,1,0,0,0,0,0,0,0,,,,,,,,,,,,,,,,,,,,,,,,,,
23-E-L,23,E,L,1,21,,1,1,1,1,1,1,1,1,1,1,1,1,0,0,1,0,1,1,0,1,0,0,0,0,0,0,0,,,,,,,,,,,,,,,,
23-G-L,23,G,L,1,9,,1,1,1,1,1,1,1,1,0,0,0,0,0,0,0,,,,,,,,,,,,,,,,,,,,,,,,,,,,
24-C-L,24,C,L,1,7,,1,1,1,1,1,1,0,0,0,0,0,0,0,,,,,,,,,,,,,,,,,,,,,,,,,,,,,,
24-D-L,24,D,L,1,7,,1,1,1,1,1,1,0,0,0,0,0,0,0,,,,,,,,,,,,,,,,,,,,,,,,,,,,,,
24-E-L,24,E,L,1,8,,1,1,1,1,1,1,1,0,0,0,0,0,0,0,,,,,,,,,,,,,,,,,,,,,,,,,,,,,
24-F-L,24,F,L,1,7,,1,1,1,1,1,1,0,0,0,0,0,0,0,,,,,,,,,,,,,,,,,,,,,,,,,,,,,,
24-G-S-L,24,G,L,1,9,,1,1,1,1,1,1,0,1,0,0,0,0,0,0,0,,,,,,,,,,,,,,,,,,,,,,,,,,,,
25-A-L,25,A,L,0,43,,1,1,1,1,1,1,1,1,1,1,1,1,1,1,1,1,1,1,1,1,1,1,1,1,1,1,1,1,1,1,1,1,1,1,1,1,1,1,1,0,1,1,1
25-B-L,25,B,L,1,16,,1,1,1,1,1,1,1,1,1,1,1,1,0,1,1,0,0,0,0,0,0,0,,,,,,,,,,,,,,,,,,,,,
25-C-L,25,C,L,1,12,,1,1,1,1,1,1,1,0,1,0,1,0,0,0,0,0,0,0,,,,,,,,,,,,,,,,,,,,,,,,,
25-D-L,25,D,L,1,7,,0,0,1,0,1,1,0,0,0,0,0,0,0,,,,,,,,,,,,,,,,,,,,,,,,,,,,,,
25-E-L,25,E,L,0,43,,1,1,1,1,1,1,1,1,1,0,0,1,0,1,1,1,1,1,1,1,1,1,1,0,1,1,1,1,1,1,1,1,1,1,1,1,1,0,1,1,1,1,1
25-F-L,25,F,L,1,15,,1,1,1,1,1,1,1,1,1,0,1,1,0,1,0,0,0,0,0,0,0,,,,,,,,,,,,,,,,,,,,,,
25-G-L,25,G,L,1,7,,1,1,1,1,1,1,0,0,0,0,0,0,0,,,,,,,,,,,,,,,,,,,,,,,,,,,,,,
26-A-L,26,A,L,0,2,1,1,0,DEAD,,,,,,,,,,,,,,,,,,,,,,,,,,,,,,,,,,,,,,,,
26-B-L,26,B,L,1,22,,1,1,1,1,1,1,1,1,1,1,1,0,1,0,1,0,1,0,0,0,1,0,0,0,0,0,0,0,,,,,,,,,,,,,,,
27-A-L,27,A,L,0,43,,1,1,1,1,1,1,1,1,1,1,1,1,1,1,1,1,1,1,1,1,1,0,1,1,1,0,1,1,1,1,1,1,1,1,1,1,1,0,0,1,1,1,1
27-B-L,27,B,L,0,43,,1,1,1,1,1,1,1,1,1,1,1,1,1,1,1,1,1,1,1,1,1,1,1,1,1,1,1,0,1,1,1,0,1,0,1,1,1,1,1,1,1,1,1
27-C-L,27,C,L,1,8,,1,1,1,1,1,1,1,0,0,0,0,0,0,0,,,,,,,,,,,,,,,,,,,,,,,,,,,,,
27-D-L,27,D,L,1,8,,1,1,1,1,1,1,1,0,0,0,0,0,0,0,,,,,,,,,,,,,,,,,,,,,,,,,,,,,
27-E-L,27,E,L,1,7,,1,1,1,1,1,1,0,0,0,0,0,0,0,,,,,,,,,,,,,,,,,,,,,,,,,,,,,,
27-F-L,27,F,L,1,20,,1,1,1,1,1,1,1,1,1,1,0,1,1,0,1,0,0,1,1,0,0,0,0,0,0,0,,,,,,,,,,,,,,,,,
28-A-L,28,A,L,1,5,,1,1,1,1,0,0,0,0,0,0,0,0,0,0,0,0,0,0,0,,,,,,,,,,,,,,,,,,,,,,,,
28-B-L,28,B,L,1,12,,1,1,1,1,1,1,1,1,1,0,1,0,0,0,0,0,0,0,,,,,,,,,,,,,,,,,,,,,,,,,
28-C-L,28,C,L,1,9,,1,1,1,1,1,1,0,1,0,0,0,0,0,0,0,,,,,,,,,,,,,,,,,,,,,,,,,,,,
28-D-L,28,D,L,1,9,,1,1,1,1,1,1,1,1,0,0,0,0,0,0,0,,,,,,,,,,,,,,,,,,,,,,,,,,,,
28-E-L,28,E,L,1,7,,1,0,1,1,1,1,0,0,0,0,0,0,0,,,,,,,,,,,,,,,,,,,,,,,,,,,,,,
28-F-L,28,F,L,0,18,1,1,1,1,1,1,1,1,1,0,1,0,0,1,0,0,0,0,0,DEAD,,,,,,,,,,,,,,,,,,,,,,,,
28-G-L,28,G,L,1,9,,1,1,1,1,1,1,0,1,0,0,0,0,0,0,0,,,,,,,,,,,,,,,,,,,,,,,,,,,,
29-A-L,29,A,L,1,8,,1,1,1,1,1,1,1,0,0,0,0,0,0,0,,,,,,,,,,,,,,,,,,,,,,,,,,,,,
29-B-L,29,B,L,0,3,1,0,0,0,DEAD,,,,,,,,,,,,,,,,,,,,,,,,,,,,,,,,,,,,,,,
29-D-L,29,D,L,0,7,1,1,1,1,0,0,0,0,DEAD,,,,,,,,,,,,,,,,,,,,,,,,,,,,,,,,,,,
29-F-L,29,F,L,1,8,,1,1,1,1,1,0,1,0,0,0,0,0,0,0,,,,,,,,,,,,,,,,,,,,,,,,,,,,,
29-G-L,29,G,L,1,7,,1,1,1,1,1,1,0,0,0,0,0,0,0,,,,,,,,,,,,,,,,,,,,,,,,,,,,,,
30-A-L,30,A,L,0,13,1,1,1,1,1,1,1,0,1,1,1,1,0,0,DEAD,,,,,,,,,,,,,,,,,,,,,,,,,,,,,
30-B-L,30,B,L,1,20,,1,1,1,1,1,1,1,1,0,1,0,1,1,1,1,1,0,1,1,0,0,0,0,0,0,0,,,,,,,,,,,,,,,,,
31-A-L,31,A,L,1,12,,1,1,1,1,1,1,1,1,1,0,1,0,0,0,0,0,0,0,,,,,,,,,,,,,,,,,,,,,,,,,
31-B-L,31,B,L,1,7,,1,1,1,1,1,1,0,0,0,0,0,0,0,,,,,,,,,,,,,,,,,,,,,,,,,,,,,,
31-C-L,31,C,L,1,14,,1,1,1,1,1,1,1,1,1,1,0,0,1,0,0,0,0,0,0,0,,,,,,,,,,,,,,,,,,,,,,,
31-D-L,31,D,L,0,43,,1,1,1,1,1,1,1,1,1,1,1,1,1,1,1,1,1,1,1,1,1,1,1,1,1,1,1,1,1,1,1,1,1,1,1,1,1,1,1,0,1,1,1
31-E-L,31,E,L,0,20,1,1,1,1,1,1,1,1,1,1,1,1,1,1,1,1,0,1,1,0,0,DEAD,,,,,,,,,,,,,,,,,,,,,,
31-F-L,31,F,L,1,8,,1,1,1,1,1,1,1,0,0,0,0,0,0,0,,,,,,,,,,,,,,,,,,,,,,,,,,,,,
31-G-L,31,G,L,0,2,1,0,0,DEAD,,,,,,,,,,,,,,,,,,,,,,,,,,,,,,,,,,,,,,,,
32-A-L,32,A,L,1,31,,1,1,1,0,1,0,0,1,0,1,1,0,1,0,1,1,0,0,0,1,0,0,0,0,1,0,0,0,0,1,0,0,0,0,0,0,0,,,,,,
32-B-L,32,B,L,1,16,,1,1,1,1,1,1,1,1,1,1,1,0,1,0,1,0,0,0,0,0,0,0,,,,,,,,,,,,,,,,,,,,,
32-C-L,32,C,L,1,19,,1,1,1,1,1,1,1,1,1,1,1,0,0,1,0,1,0,1,0,0,0,0,0,0,0,,,,,,,,,,,,,,,,,,
32-D-L,32,D,L,1,19,,1,1,1,1,1,1,1,1,1,1,1,1,1,0,1,1,0,1,0,0,0,0,0,0,0,,,,,,,,,,,,,,,,,,
32-E-L,32,E,L,1,19,,1,1,1,1,1,1,1,1,1,0,1,1,1,1,1,1,1,1,0,0,0,0,0,0,0,,,,,,,,,,,,,,,,,,
33-A-L,33,A,L,0,3,1,1,1,1,DEAD,,,,,,,,,,,,,,,,,,,,,,,,,,,,,,,,,,,,,,,
33-C-L,33,C,L,1,10,,1,1,1,1,1,1,1,1,1,0,0,0,0,0,0,0,,,,,,,,,,,,,,,,,,,,,,,,,,,
33-D-L,33,D,L,1,18,,1,1,1,1,1,1,1,1,1,1,1,1,1,1,0,1,1,0,0,0,0,0,0,0,,,,,,,,,,,,,,,,,,,
33-E-L,33,E,L,1,10,,1,1,1,1,1,1,1,1,1,0,0,0,0,0,0,0,,,,,,,,,,,,,,,,,,,,,,,,,,,
33-F-L,33,F,L,1,8,,1,1,1,1,1,1,1,0,0,0,0,0,0,0,,,,,,,,,,,,,,,,,,,,,,,,,,,,,
33-G-L,33,G,L,0,43,,1,0,1,1,1,1,0,1,1,1,1,1,1,1,1,1,1,1,1,1,1,0,0,0,1,1,1,1,1,1,1,1,0,1,0,1,0,1,1,0,0,1,0
34-B-L,34,B,L,1,8,,1,1,1,1,1,1,1,0,0,0,0,0,0,0,,,,,,,,,,,,,,,,,,,,,,,,,,,,,
34-C-L,34,C,L,1,10,,1,1,1,1,1,1,0,0,1,0,0,0,0,0,0,0,,,,,,,,,,,,,,,,,,,,,,,,,,,
34-D-L,34,D,L,1,9,,1,1,1,1,1,1,1,1,0,0,0,0,0,0,0,,,,,,,,,,,,,,,,,,,,,,,,,,,,
34-E-L,34,E,L,1,7,,1,1,1,1,1,1,0,0,0,0,0,0,0,,,,,,,,,,,,,,,,,,,,,,,,,,,,,,
34-F-L,34,F,L,1,7,,1,1,1,1,1,1,0,0,0,0,0,0,0,,,,,,,,,,,,,,,,,,,,,,,,,,,,,,
35-A-L,35,A,L,1,10,,1,1,1,1,1,1,1,1,1,0,0,0,0,0,0,0,,,,,,,,,,,,,,,,,,,,,,,,,,,
35-D-L,35,D,L,1,9,,1,1,1,1,1,1,1,1,0,0,0,0,0,0,0,,,,,,,,,,,,,,,,,,,,,,,,,,,,
35-E-L,35,E,L,1,8,,1,1,1,1,1,1,1,0,0,0,0,0,0,0,,,,,,,,,,,,,,,,,,,,,,,,,,,,,
36-A-L,36,A,L,1,12,,1,1,1,1,1,1,1,1,1,0,1,0,0,0,0,0,0,0,,,,,,,,,,,,,,,,,,,,,,,,,
36-B-L,36,B,L,0,43,,1,1,1,1,1,1,1,1,1,1,1,1,1,1,1,1,1,1,1,1,1,1,0,1,1,0,1,0,1,0,1,1,1,1,1,1,1,1,1,1,0,1,0
36-C-L,36,C,L,0,43,,1,1,1,1,1,1,0,1,1,1,1,1,1,1,0,1,1,0,1,1,1,1,1,1,1,1,1,1,1,1,1,1,1,1,0,1,1,1,1,0,0,1,1
36-D-L,36,D,L,0,43,,1,0,1,1,1,1,1,1,1,1,1,1,1,1,1,0,1,1,1,1,1,1,0,0,1,1,1,1,1,1,1,1,1,1,1,1,1,1,1,0,0,1,1
36-E-L,36,E,L,1,21,,1,1,1,1,1,1,1,1,1,1,1,1,1,1,1,1,0,1,1,1,0,0,0,0,0,0,0,,,,,,,,,,,,,,,,
36-F-L,36,F,L,0,10,1,1,1,1,1,1,1,1,1,0,0,DEAD,,,,,,,,,,,,,,,,,,,,,,,,,,,,,,,,
36-G-L,36,G,L,1,8,,1,1,1,1,1,1,1,0,0,0,0,0,0,0,,,,,,,,,,,,,,,,,,,,,,,,,,,,,
37-A-L,37,A,L,1,8,,1,1,1,1,1,1,1,0,0,0,0,0,0,0,0,,,,,,,,,,,,,,,,,,,,,,,,,,,,
37-C-L,37,C,L,0,4,1,1,1,1,0,DEAD,,,,,,,,,,,,,,,,,,,,,,,,,,,,,,,,,,,,,,
37-D-L,37,D,L,1,7,,1,1,1,1,1,1,0,0,0,0,0,0,0,0,,,,,,,,,,,,,,,,,,,,,,,,,,,,,
37-E-L,37,E,L,1,6,,1,1,1,1,1,0,0,0,0,0,0,0,,,,,,,,,,,,,,,,,,,,,,,,,,,,,,,
37-G-L,37,G,L,1,6,,1,1,1,1,1,0,0,0,0,0,0,0,,,,,,,,,,,,,,,,,,,,,,,,,,,,,,,
38-A-L,38,A,L,0,43,,1,1,1,1,1,1,1,1,1,1,1,1,1,1,1,1,1,1,1,1,1,1,1,1,1,1,1,1,1,0,1,1,1,1,0,1,1,1,1,0,1,1,1
38-B-L,38,B,L,0,43,,1,1,1,1,1,1,1,1,1,1,1,1,1,1,1,1,1,1,1,1,1,1,1,1,1,1,1,0,1,1,1,1,1,1,1,1,1,0,1,0,1,1,1
38-C-L,38,C,L,1,7,,1,1,1,1,1,1,0,0,0,0,0,0,0,,,,,,,,,,,,,,,,,,,,,,,,,,,,,,
38-D-L,38,D,L,0,25,1,1,1,1,1,1,1,1,1,1,1,0,1,1,1,1,1,1,1,0,1,0,0,0,0,0,DEAD,,,,,,,,,,,,,,,,,
38-F-L,38,F,L,1,16,,1,1,1,1,1,1,1,0,1,0,1,0,1,1,1,0,0,0,0,0,0,0,,,,,,,,,,,,,,,,,,,,,
38-G-L,38,G,L,0,5,1,1,1,1,1,1,DEAD,,,,,,,,,,,,,,,,,,,,,,,,,,,,,,,,,,,,,
39-A-L,39,A,L,1,13,,1,1,1,1,1,1,1,1,1,1,0,1,0,0,0,0,0,0,0,,,,,,,,,,,,,,,,,,,,,,,,
39-B-L,39,B,L,0,43,,1,1,1,1,1,1,1,1,1,1,1,1,1,1,1,1,1,1,1,1,1,1,0,0,1,1,1,0,1,1,1,0,1,1,1,0,0,1,1,1,1,1,0
39-C-L,39,C,L,0,43,,1,1,1,1,1,1,1,1,1,1,1,1,1,1,1,1,1,1,1,1,1,1,0,0,1,1,1,1,0,0,1,0,0,1,1,1,0,1,1,1,0,0,1
39-D-L,39,D,L,0,43,,1,1,1,1,1,1,1,1,1,1,1,1,1,1,1,1,1,0,0,0,1,0,0,1,0,0,1,0,1,0,1,1,1,0,1,0,0,1,1,1,1,1,1
39-F-L,39,F,L,0,43,,1,1,1,1,1,1,1,1,1,1,1,1,1,1,1,1,1,0,0,1,1,0,0,1,0,0,1,0,1,0,1,0,0,0,1,1,0,1,1,1,1,1,1
01-A-S,1,A,S,1,10,,1,1,1,1,1,1,1,1,1,0,0,0,0,0,0,0,,,,,,,,,,,,,,,,,,,,,,,,,,,
01-B-S,1,B,S,1,6,,1,1,1,1,1,0,0,0,0,0,0,0,,,,,,,,,,,,,,,,,,,,,,,,,,,,,,,
01-C-S,1,C,S,1,6,,1,1,1,1,1,0,0,0,0,0,0,0,,,,,,,,,,,,,,,,,,,,,,,,,,,,,,,
01-D-S,1,D,S,1,6,,1,1,1,1,1,0,0,0,0,0,0,0,,,,,,,,,,,,,,,,,,,,,,,,,,,,,,,
01-E-S,1,E,S,1,6,,1,1,1,1,1,0,0,0,0,0,0,0,,,,,,,,,,,,,,,,,,,,,,,,,,,,,,,
02-A-S,2,A,S,1,5,,1,1,1,1,0,0,0,0,0,0,0,0,,,,,,,,,,,,,,,,,,,,,,,,,,,,,,,
02-B-S,2,B,S,1,8,,1,1,1,1,1,1,1,0,0,0,0,0,0,0,,,,,,,,,,,,,,,,,,,,,,,,,,,,,
02-C-S,2,C,S,1,8,,1,1,1,1,1,1,1,0,0,0,0,0,0,,,,,,,,,,,,,,,,,,,,,,,,,,,,,,
02-D-S,2,D,S,1,5,,1,1,1,1,0,0,0,0,0,0,0,0,,,,,,,,,,,,,,,,,,,,,,,,,,,,,,,
02-E-S,2,E,S,1,6,,1,1,1,0,1,0,0,0,0,0,0,0,,,,,,,,,,,,,,,,,,,,,,,,,,,,,,,
02-F-S,2,F,S,0,,1,DEAD,,,,,,,,,,,,,,,,,,,,,,,,,,,,,,,,,,,,,,,,,,
02-H-S,2,H,S,1,7,,1,1,1,1,1,1,0,0,0,0,0,0,0,,,,,,,,,,,,,,,,,,,,,,,,,,,,,,
03-B-S,3,B,S,0,,1,DEAD,,,,,,,,,,,,,,,,,,,,,,,,,,,,,,,,,,,,,,,,,,
03-C-S,3,C,S,0,1,1,1,DEAD,,,,,,,,,,,,,,,,,,,,,,,,,,,,,,,,,,,,,,,,,
03-D-S,3,D,S,1,9,,1,1,1,1,1,1,0,1,0,0,0,0,0,0,0,,,,,,,,,,,,,,,,,,,,,,,,,,,,
03-E-S,3,E,S,1,8,,1,1,1,1,1,1,1,0,0,0,0,0,0,0,,,,,,,,,,,,,,,,,,,,,,,,,,,,,
03-F-S,3,F,S,0,6,1,1,1,1,0,1,0,DEAD,,,,,,,,,,,,,,,,,,,,,,,,,,,,,,,,,,,,
03-G-S,3,G,S,1,4,,1,1,1,0,0,0,0,0,0,0,0,0,0,0,0,0,0,0,0,,,,,,,,,,,,,,,,,,,,,,,,
03-H-S,3,H,S,1,10,,1,1,1,1,1,1,1,0,1,0,0,0,0,0,0,0,,,,,,,,,,,,,,,,,,,,,,,,,,,
04-A-S,4,A,S,1,5,,1,1,1,1,0,0,0,0,0,0,0,0,,,,,,,,,,,,,,,,,,,,,,,,,,,,,,,
04-B-S,4,B,S,0,,1,DEAD,,,,,,,,,,,,,,,,,,,,,,,,,,,,,,,,,,,,,,,,,,
04-D-S,4,D,S,1,6,,1,1,1,1,1,0,0,0,0,0,0,0,,,,,,,,,,,,,,,,,,,,,,,,,,,,,,,
04-E-S,4,E,S,1,11,,1,1,1,1,1,1,0,0,0,1,0,0,0,0,0,0,0,,,,,,,,,,,,,,,,,,,,,,,,,,
04-G-S,4,G,S,1,7,,1,1,1,1,1,1,0,0,0,0,0,0,0,,,,,,,,,,,,,,,,,,,,,,,,,,,,,,
05-A-S,5,A,S,1,7,,1,1,1,1,1,1,0,0,0,0,0,0,0,,,,,,,,,,,,,,,,,,,,,,,,,,,,,,
05-B-S,5,B,S,1,11,,1,1,1,1,1,1,1,0,1,1,0,0,0,0,0,0,0,,,,,,,,,,,,,,,,,,,,,,,,,,
05-C-S,5,C,S,1,6,,1,0,1,1,1,0,0,0,0,0,0,0,,,,,,,,,,,,,,,,,,,,,,,,,,,,,,,
05-D-S,5,D,S,1,4,,1,1,1,0,0,0,0,0,0,0,0,0,0,0,0,0,0,0,0,,,,,,,,,,,,,,,,,,,,,,,,
05-E-S,5,E,S,1,6,,1,1,1,1,1,0,0,0,0,0,0,0,,,,,,,,,,,,,,,,,,,,,,,,,,,,,,,
05-G-S,5,G,S,1,9,,1,1,1,0,1,1,1,1,0,0,0,0,0,0,0,,,,,,,,,,,,,,,,,,,,,,,,,,,,
07-A-S,7,A,S,1,6,,1,1,1,0,1,0,0,0,0,0,0,0,,,,,,,,,,,,,,,,,,,,,,,,,,,,,,,
07-B-S,7,B,S,1,6,,1,1,1,0,1,0,0,0,0,0,0,0,,,,,,,,,,,,,,,,,,,,,,,,,,,,,,,
07-C-S,7,C,S,1,6,,1,1,1,1,1,0,0,0,0,0,0,0,,,,,,,,,,,,,,,,,,,,,,,,,,,,,,,
07-D-S,7,D,S,1,6,,1,1,1,1,1,0,0,0,0,0,0,0,,,,,,,,,,,,,,,,,,,,,,,,,,,,,,,
07-E-S,7,E,S,1,9,,1,1,1,1,1,1,1,1,0,0,0,0,0,0,0,,,,,,,,,,,,,,,,,,,,,,,,,,,,
07-F-S,7,F,S,0,3,1,0,0,0,DEAD,,,,,,,,,,,,,,,,,,,,,,,,,,,,,,,,,,,,,,,
07-G-S,7,G,S,1,5,,1,1,1,1,0,0,0,0,0,0,0,0,,,,,,,,,,,,,,,,,,,,,,,,,,,,,,,
07-H-S,7,H,S,1,4,,1,1,1,0,0,0,0,0,0,0,0,0,0,0,0,0,0,0,0,,,,,,,,,,,,,,,,,,,,,,,,
08-A-S,8,A,S,1,13,,1,1,1,1,1,1,0,1,0,1,0,1,0,0,0,0,0,0,0,,,,,,,,,,,,,,,,,,,,,,,,
08-C-S,8,C,S,0,12,1,1,1,1,1,1,1,0,0,0,0,0,0,DEAD,,,,,,,,,,,,,,,,,,,,,,,,,,,,,,
08-E-S,8,E,S,1,4,,1,1,1,0,0,0,0,0,0,0,0,0,0,0,0,0,0,0,0,,,,,,,,,,,,,,,,,,,,,,,,
08-G-S,8,G,S,0,5,1,1,1,1,1,0,DEAD,,,,,,,,,,,,,,,,,,,,,,,,,,,,,,,,,,,,,
08-H-S,8,H,S,1,5,,1,1,1,1,0,0,0,0,0,0,0,0,,,,,,,,,,,,,,,,,,,,,,,,,,,,,,,
09-A-S,9,A,S,0,6,1,1,1,1,1,0,0,DEAD,,,,,,,,,,,,,,,,,,,,,,,,,,,,,,,,,,,,
09-B-S,9,B,S,1,7,,1,1,1,1,1,1,0,0,0,0,0,0,0,,,,,,,,,,,,,,,,,,,,,,,,,,,,,,
09-C-S,9,C,S,1,14,,1,1,1,1,1,1,0,1,1,0,1,0,1,0,0,0,0,0,0,0,,,,,,,,,,,,,,,,,,,,,,,
09-D-S,9,D,S,1,5,,1,1,1,1,0,0,0,0,0,0,0,0,,,,,,,,,,,,,,,,,,,,,,,,,,,,,,,
09-E-S,9,E,S,1,13,,1,1,1,1,1,1,1,1,1,1,0,1,0,0,0,0,0,0,0,,,,,,,,,,,,,,,,,,,,,,,,
09-F-S,9,F,S,1,4,,0,1,1,0,0,0,0,0,0,0,0,0,0,0,0,0,0,0,0,,,,,,,,,,,,,,,,,,,,,,,,
09-G-S,9,G,S,1,6,,1,1,1,1,1,0,0,0,0,0,0,0,,,,,,,,,,,,,,,,,,,,,,,,,,,,,,,
10-A-S,10,A,S,0,38,1,1,1,1,1,1,1,0,1,1,1,1,0,1,0,1,0,1,1,1,0,1,0,1,1,1,1,1,1,1,1,1,1,1,1,1,1,1,0,DEAD,,,,
10-B-S,10,B,S,1,4,,1,1,1,0,0,0,0,0,0,0,0,0,0,0,0,0,0,0,0,,,,,,,,,,,,,,,,,,,,,,,,
10-C-S,10,C,S,1,5,,1,1,1,1,0,0,0,0,0,0,0,0,,,,,,,,,,,,,,,,,,,,,,,,,,,,,,,
10-D-S,10,D,S,1,10,,1,1,1,0,1,1,0,0,1,0,0,0,0,0,0,0,,,,,,,,,,,,,,,,,,,,,,,,,,,
10-E-S,10,E,S,1,5,,1,1,1,1,0,0,0,0,0,0,0,0,,,,,,,,,,,,,,,,,,,,,,,,,,,,,,,
10-F-S,10,F,S,1,6,,1,1,1,0,1,0,0,0,0,0,0,0,,,,,,,,,,,,,,,,,,,,,,,,,,,,,,,
10-G-S,10,G,S,1,4,,1,1,1,0,0,0,0,0,0,0,0,0,0,0,0,0,0,0,0,,,,,,,,,,,,,,,,,,,,,,,,
10-H-S,10,H,S,1,6,,1,1,1,1,1,0,0,0,0,0,0,0,,,,,,,,,,,,,,,,,,,,,,,,,,,,,,,
11-A-S,11,A,S,1,6,,1,1,1,1,1,0,0,0,0,0,0,0,,,,,,,,,,,,,,,,,,,,,,,,,,,,,,,
11-B-S,11,B,S,1,9,,1,1,1,1,1,1,0,1,0,0,0,0,0,0,0,,,,,,,,,,,,,,,,,,,,,,,,,,,,
11-C-S,11,C,S,0,6,1,1,1,1,1,0,0,DEAD,,,,,,,,,,,,,,,,,,,,,,,,,,,,,,,,,,,,
11-D-S,11,D,S,1,7,,1,1,1,1,1,1,0,0,0,0,0,0,0,,,,,,,,,,,,,,,,,,,,,,,,,,,,,,
11-E-S,11,E,S,1,8,,1,1,1,1,1,1,1,0,0,0,0,0,0,0,,,,,,,,,,,,,,,,,,,,,,,,,,,,,
11-F-S,11,F,S,1,6,,1,1,1,0,1,0,0,0,0,0,0,0,,,,,,,,,,,,,,,,,,,,,,,,,,,,,,,
11-G-S,11,G,S,0,43,,1,1,1,1,1,1,1,1,1,1,1,1,0,1,1,0,1,0,1,0,0,0,0,0,1,1,0,1,1,1,0,1,1,1,1,1,1,1,1,0,1,1,0
11-H-S,11,H,S,1,11,,1,1,1,1,1,1,0,1,1,1,0,0,0,0,0,0,0,,,,,,,,,,,,,,,,,,,,,,,,,,
12-A-S,12,A,S,0,,1,DEAD,,,,,,,,,,,,,,,,,,,,,,,,,,,,,,,,,,,,,,,,,,
12-C-S,12,C,S,1,7,,1,1,1,1,0,1,0,0,0,0,0,0,0,,,,,,,,,,,,,,,,,,,,,,,,,,,,,,
12-D-S,12,D,S,1,6,,1,1,1,1,1,0,0,0,0,0,0,0,,,,,,,,,,,,,,,,,,,,,,,,,,,,,,,
12-E-S,12,E,S,1,5,,1,1,1,1,0,0,0,0,0,0,0,0,,,,,,,,,,,,,,,,,,,,,,,,,,,,,,,
12-F-S,12,F,S,1,5,,1,1,1,1,0,0,0,0,0,0,0,0,,,,,,,,,,,,,,,,,,,,,,,,,,,,,,,
12-G-S,12,G,S,1,5,,?,1,1,1,0,0,0,0,0,0,0,0,,,,,,,,,,,,,,,,,,,,,,,,,,,,,,,
12-H-S,12,H,S,1,5,,1,1,1,1,0,0,0,0,0,0,0,0,,,,,,,,,,,,,,,,,,,,,,,,,,,,,,,
13-A-S,13,A,S,1,7,,1,1,1,1,1,1,0,0,0,0,0,0,0,,,,,,,,,,,,,,,,,,,,,,,,,,,,,,
13-C-S,13,C,S,1,9,,1,1,1,1,1,1,0,1,0,0,0,0,0,0,0,,,,,,,,,,,,,,,,,,,,,,,,,,,,
13-D-S,13,D,S,1,5,,1,1,1,1,0,0,0,0,0,0,0,0,,,,,,,,,,,,,,,,,,,,,,,,,,,,,,,
13-E-S,13,E,S,1,12,,1,1,1,1,1,1,0,1,1,0,1,0,0,0,0,0,0,0,,,,,,,,,,,,,,,,,,,,,,,,,
13-F-S,13,F,S,1,8,,1,1,1,1,1,0,1,0,0,0,0,0,0,0,,,,,,,,,,,,,,,,,,,,,,,,,,,,,
13-G-S,13,G,S,1,10,,1,1,1,1,1,1,1,0,1,0,0,0,0,0,0,0,,,,,,,,,,,,,,,,,,,,,,,,,,,
13-H-S,13,H,S,1,9,,1,1,1,1,1,1,0,1,0,0,0,0,0,0,0,,,,,,,,,,,,,,,,,,,,,,,,,,,,
14-A-S,14,A,S,1,5,,1,1,1,1,0,0,0,0,0,0,0,0,,,,,,,,,,,,,,,,,,,,,,,,,,,,,,,
14-B-S,14,B,S,1,8,,1,1,1,1,1,1,1,0,0,0,0,0,0,0,,,,,,,,,,,,,,,,,,,,,,,,,,,,,
14-C-S,14,C,S,1,10,,1,1,1,1,1,1,0,0,1,0,0,0,0,0,0,0,,,,,,,,,,,,,,,,,,,,,,,,,,,
14-E-S,14,E,S,1,7,,1,1,1,1,0,1,0,0,0,0,0,0,0,,,,,,,,,,,,,,,,,,,,,,,,,,,,,,
14-F-S,14,F,S,1,4,,1,1,1,0,0,0,0,0,0,0,0,0,0,0,0,0,0,0,0,,,,,,,,,,,,,,,,,,,,,,,,
14-G-S,14,G,S,1,6,,1,1,1,1,1,0,0,0,0,0,0,0,,,,,,,,,,,,,,,,,,,,,,,,,,,,,,,
14-H-S,14,H,S,1,7,,1,1,1,1,0,1,0,0,0,0,0,0,0,,,,,,,,,,,,,,,,,,,,,,,,,,,,,,
15-B-S,15,B,S,1,6,,1,1,1,1,1,0,0,0,0,0,0,0,,,,,,,,,,,,,,,,,,,,,,,,,,,,,,,
16-A-S,16,A,S,1,7,,1,1,1,1,0,1,0,0,0,0,0,0,0,,,,,,,,,,,,,,,,,,,,,,,,,,,,,,
16-B-S,16,B,S,1,7,,1,1,1,1,1,1,0,0,0,0,0,0,0,,,,,,,,,,,,,,,,,,,,,,,,,,,,,,
16-C-S,16,C,S,1,8,,1,1,1,1,1,1,1,0,0,0,0,0,0,0,,,,,,,,,,,,,,,,,,,,,,,,,,,,,
16-D-S,16,D,S,0,11,1,1,1,1,1,1,1,0,0,0,0,0,DEAD,,,,,,,,,,,,,,,,,,,,,,,,,,,,,,,
16-E-S,16,E,S,1,5,,1,1,1,1,0,0,0,0,0,0,0,0,0,,,,,,,,,,,,,,,,,,,,,,,,,,,,,,
16-H-S,16,H,S,0,11,1,1,1,1,1,1,1,1,1,1,0,0,DEAD,,,,,,,,,,,,,,,,,,,,,,,,,,,,,,,
17-A-S,17,A,S,1,7,,1,1,1,1,0,1,0,0,0,0,0,0,0,,,,,,,,,,,,,,,,,,,,,,,,,,,,,,
17-B-S,17,B,S,1,7,,1,1,1,1,0,1,0,0,0,0,0,0,0,,,,,,,,,,,,,,,,,,,,,,,,,,,,,,
17-C-S,17,C,S,1,6,,1,1,1,0,1,0,0,0,0,0,0,0,,,,,,,,,,,,,,,,,,,,,,,,,,,,,,,
17-F-S,17,F,S,1,9,,1,1,1,1,1,1,1,1,0,0,0,0,0,0,0,,,,,,,,,,,,,,,,,,,,,,,,,,,,
17-H-S,17,H,S,1,6,,1,1,1,0,1,0,0,0,0,0,0,0,,,,,,,,,,,,,,,,,,,,,,,,,,,,,,,
18-B-S,18,B,S,1,7,,0,1,1,0,1,1,0,0,0,0,0,0,0,,,,,,,,,,,,,,,,,,,,,,,,,,,,,,
18-C-S,18,C,S,1,7,,1,1,1,1,1,1,0,0,0,0,0,0,0,,,,,,,,,,,,,,,,,,,,,,,,,,,,,,
18-E-S,18,E,S,1,6,,1,1,1,1,1,0,0,0,0,0,0,0,,,,,,,,,,,,,,,,,,,,,,,,,,,,,,,
18-G-S,18,G,S,0,6,1,1,1,1,1,0,1,DEAD,,,,,,,,,,,,,,,,,,,,,,,,,,,,,,,,,,,,
18-H-S,18,H,S,1,4,,0,1,1,0,0,0,0,0,0,0,0,0,0,0,0,0,0,0,0,,,,,,,,,,,,,,,,,,,,,,,,
19-A-S,19,A,S,1,10,,1,1,1,1,1,1,0,1,1,0,0,0,0,0,0,0,,,,,,,,,,,,,,,,,,,,,,,,,,,
19-B-S,19,B,S,0,4,1,0,0,0,0,DEAD,,,,,,,,,,,,,,,,,,,,,,,,,,,,,,,,,,,,,,
19-C-S,19,C,S,1,7,,1,1,1,1,1,1,0,0,0,0,0,0,0,0,,,,,,,,,,,,,,,,,,,,,,,,,,,,,
19-D-S,19,D,S,0,8,1,1,1,0,0,0,0,0,0,DEAD,,,,,,,,,,,,,,,,,,,,,,,,,,,,,,,,,,
19-E-S,19,E,S,1,17,,1,1,1,1,1,1,1,1,1,1,1,1,0,1,1,1,0,0,0,0,0,0,0,,,,,,,,,,,,,,,,,,,,
19-F-S,19,F,S,0,,1,DEAD,,,,,,,,,,,,,,,,,,,,,,,,,,,,,,,,,,,,,,,,,,
19-G-S,19,G,S,1,7,,1,1,1,1,1,1,0,0,0,0,0,0,0,,,,,,,,,,,,,,,,,,,,,,,,,,,,,,
19-H-S,19,H,S,1,13,,1,1,1,1,1,1,1,1,1,1,0,1,0,0,0,0,0,0,0,,,,,,,,,,,,,,,,,,,,,,,,
20-A-S,20,A,S,1,4,,1,1,1,0,0,0,0,0,0,0,0,0,0,0,0,0,0,0,0,,,,,,,,,,,,,,,,,,,,,,,,
20-B-S,20,B,S,1,4,,1,1,1,0,0,0,0,0,0,0,0,0,0,0,0,0,0,0,0,,,,,,,,,,,,,,,,,,,,,,,,
20-C-S,20,C,S,1,11,,1,1,1,1,1,1,1,1,0,1,0,0,0,0,0,0,0,,,,,,,,,,,,,,,,,,,,,,,,,,
20-D-S,20,D,S,0,43,,1,1,1,1,1,1,1,1,1,1,1,1,1,1,1,1,1,0,1,1,0,1,0,0,1,1,0,1,1,1,1,1,1,1,1,1,1,1,1,0,1,1,1
20-G-S,20,G,S,1,7,,1,1,1,1,1,1,0,0,0,0,0,0,0,,,,,,,,,,,,,,,,,,,,,,,,,,,,,,
21-B-S,21,B,S,1,6,,1,1,1,1,1,0,0,0,0,0,0,0,,,,,,,,,,,,,,,,,,,,,,,,,,,,,,,
21-C-S,21,C,S,1,4,,1,1,1,0,0,0,0,0,0,0,0,0,0,0,0,0,0,0,0,,,,,,,,,,,,,,,,,,,,,,,,
21-D-S,21,D,S,1,7,,1,1,1,1,0,1,0,0,0,0,0,0,0,,,,,,,,,,,,,,,,,,,,,,,,,,,,,,
21-E-S,21,E,S,1,3,,0,1,0,0,0,0,0,0,0,0,0,0,0,0,0,0,,,,,,,,,,,,,,,,,,,,,,,,,,,
21-F-S,21,F,S,1,4,,1,1,1,0,0,0,0,0,0,0,0,0,0,0,0,0,0,0,0,,,,,,,,,,,,,,,,,,,,,,,,
21-G-S,21,G,S,1,4,,1,1,1,0,0,0,0,0,0,0,0,0,0,0,0,0,0,0,0,,,,,,,,,,,,,,,,,,,,,,,,
22-A-S,22,A,S,1,10,,0,1,1,1,1,0,1,1,1,0,0,0,0,0,0,0,,,,,,,,,,,,,,,,,,,,,,,,,,,
22-C-S,22,C,S,1,8,,1,1,1,1,1,1,1,0,0,0,0,0,0,0,,,,,,,,,,,,,,,,,,,,,,,,,,,,,
22-D-S,22,D,S,1,7,,1,1,1,1,1,1,0,0,0,0,0,0,0,,,,,,,,,,,,,,,,,,,,,,,,,,,,,,
22-E-S,22,E,S,1,4,,1,1,1,0,0,0,0,0,0,0,0,0,0,0,0,0,0,0,0,,,,,,,,,,,,,,,,,,,,,,,,
22-F-S,22,F,S,1,9,,1,1,1,1,1,1,0,1,0,0,0,0,0,0,0,,,,,,,,,,,,,,,,,,,,,,,,,,,,
22-G-S,22,G,S,1,4,,1,1,1,0,0,0,0,0,0,0,0,0,0,0,0,0,0,0,0,,,,,,,,,,,,,,,,,,,,,,,,
23-B-S,23,B,S,1,6,,1,0,1,1,1,0,0,0,0,0,0,0,,,,,,,,,,,,,,,,,,,,,,,,,,,,,,,
23-C-S,23,C,S,1,3,,1,1,0,0,0,0,0,0,0,0,0,0,0,0,0,0,,,,,,,,,,,,,,,,,,,,,,,,,,,
23-D-S,23,D,S,1,6,,1,1,1,1,1,0,0,0,0,0,0,0,,,,,,,,,,,,,,,,,,,,,,,,,,,,,,,
23-E-S,23,E,S,1,6,,1,1,1,1,1,0,0,0,0,0,0,0,,,,,,,,,,,,,,,,,,,,,,,,,,,,,,,
23-G-S,23,G,S,1,6,,1,1,0,1,1,0,0,0,0,0,0,0,,,,,,,,,,,,,,,,,,,,,,,,,,,,,,,
24-E-S,24,E,S,1,6,,0,1,1,1,1,0,0,0,0,0,0,0,,,,,,,,,,,,,,,,,,,,,,,,,,,,,,,
24-F-S,24,F,S,1,7,,1,1,1,1,1,1,0,0,0,0,0,0,0,,,,,,,,,,,,,,,,,,,,,,,,,,,,,,
25-A-S,25,A,S,1,4,,1,1,1,0,0,0,0,0,0,0,0,0,0,0,0,0,0,0,0,,,,,,,,,,,,,,,,,,,,,,,,
25-B-S,25,B,S,1,6,,1,1,1,0,1,0,0,0,0,0,0,0,,,,,,,,,,,,,,,,,,,,,,,,,,,,,,,
25-C-S,25,C,S,0,2,1,1,0,DEAD,,,,,,,,,,,,,,,,,,,,,,,,,,,,,,,,,,,,,,,,
25-D-S,25,D,S,1,7,,1,1,0,1,1,1,0,0,0,0,0,0,0,,,,,,,,,,,,,,,,,,,,,,,,,,,,,,
25-E-S,25,E,S,1,10,,1,1,1,1,1,1,0,0,1,0,0,0,0,0,0,0,,,,,,,,,,,,,,,,,,,,,,,,,,,
25-F-S,25,F,S,1,8,,1,1,1,1,1,1,1,0,0,0,0,0,0,0,,,,,,,,,,,,,,,,,,,,,,,,,,,,,
25-G-S,25,G,S,1,6,,1,1,1,1,1,0,0,0,0,0,0,0,,,,,,,,,,,,,,,,,,,,,,,,,,,,,,,
26-A-S,26,A,S,1,6,,1,1,1,1,1,0,0,0,0,0,0,0,,,,,,,,,,,,,,,,,,,,,,,,,,,,,,,
27-A-S,27,A,S,1,6,,1,1,1,1,1,0,0,0,0,0,0,0,,,,,,,,,,,,,,,,,,,,,,,,,,,,,,,
27-B-S,27,B,S,1,4,,1,1,1,0,0,0,0,0,0,0,0,0,0,0,0,0,0,0,0,,,,,,,,,,,,,,,,,,,,,,,,
27-C-S,27,C,S,1,8,,1,1,1,1,1,0,1,0,0,0,0,0,0,0,,,,,,,,,,,,,,,,,,,,,,,,,,,,,
27-D-S,27,D,S,1,7,,1,1,1,1,0,1,0,0,0,0,0,0,0,,,,,,,,,,,,,,,,,,,,,,,,,,,,,,
27-E-S,27,E,S,1,7,,1,1,1,1,0,1,0,0,0,0,0,0,0,,,,,,,,,,,,,,,,,,,,,,,,,,,,,,
27-F-S,27,F,S,1,7,,1,1,1,1,1,1,0,0,0,0,0,0,0,,,,,,,,,,,,,,,,,,,,,,,,,,,,,,
27-G-S,27,G,S,1,6,,1,1,1,1,1,0,0,0,0,0,0,0,,,,,,,,,,,,,,,,,,,,,,,,,,,,,,,
28-A-S,28,A,S,1,7,,1,1,1,1,0,1,0,0,0,0,0,0,0,,,,,,,,,,,,,,,,,,,,,,,,,,,,,,
28-B-S,28,B,S,1,9,,1,1,1,1,1,1,0,1,0,0,0,0,0,0,0,,,,,,,,,,,,,,,,,,,,,,,,,,,,
28-D-S,28,D,S,1,6,,1,1,1,1,1,0,0,0,0,0,0,0,,,,,,,,,,,,,,,,,,,,,,,,,,,,,,,
28-E-S,28,E,S,1,7,,1,1,0,1,0,1,0,0,0,0,0,0,0,,,,,,,,,,,,,,,,,,,,,,,,,,,,,,
28-F-S,28,F,S,1,7,,1,1,1,1,0,1,0,0,0,0,0,0,0,,,,,,,,,,,,,,,,,,,,,,,,,,,,,,
28-G-S,28,G,S,1,5,,1,1,1,1,0,0,0,0,0,0,0,0,,,,,,,,,,,,,,,,,,,,,,,,,,,,,,,
29-A-S,29,A,S,1,7,,1,1,1,1,0,1,0,0,0,0,0,0,0,,,,,,,,,,,,,,,,,,,,,,,,,,,,,,
29-D-S,29,D,S,1,7,,1,1,1,1,1,1,0,0,0,0,0,0,0,,,,,,,,,,,,,,,,,,,,,,,,,,,,,,
29-F-S,29,F,S,1,6,,1,1,0,1,1,0,0,0,0,0,0,0,,,,,,,,,,,,,,,,,,,,,,,,,,,,,,,
29-G-S,29,G,S,1,8,,1,1,1,1,0,1,1,0,0,0,0,0,0,0,,,,,,,,,,,,,,,,,,,,,,,,,,,,,
30-A-S,30,A,S,0,1,1,0,DEAD,,,,,,,,,,,,,,,,,,,,,,,,,,,,,,,,,,,,,,,,,
30-B-S,30,B,S,1,7,,1,1,1,1,1,1,0,0,0,0,0,0,0,,,,,,,,,,,,,,,,,,,,,,,,,,,,,,
31-A-S,31,A,S,1,8,,1,1,1,1,0,1,1,0,0,0,0,0,0,0,,,,,,,,,,,,,,,,,,,,,,,,,,,,,
31-B-S,31,B,S,1,14,,1,1,1,1,1,1,1,1,0,0,1,0,1,0,0,0,0,0,0,0,,,,,,,,,,,,,,,,,,,,,,,
31-C-S,31,C,S,1,8,,1,1,1,1,1,1,1,0,0,0,0,0,0,0,,,,,,,,,,,,,,,,,,,,,,,,,,,,,
31-D-S,31,D,S,1,9,,1,1,1,1,1,1,0,1,0,0,0,0,0,0,0,,,,,,,,,,,,,,,,,,,,,,,,,,,,
31-E-S,31,E,S,1,8,,1,1,1,1,1,1,1,0,0,0,0,0,0,0,,,,,,,,,,,,,,,,,,,,,,,,,,,,,
31-F-S,31,F,S,1,5,,1,1,1,1,0,0,0,0,0,0,0,0,,,,,,,,,,,,,,,,,,,,,,,,,,,,,,,
31-G-S,31,G,S,1,4,,1,1,1,0,0,0,0,0,0,0,0,0,0,0,0,0,0,0,0,,,,,,,,,,,,,,,,,,,,,,,,
32-A-S,32,A,S,1,7,,1,1,1,1,1,1,0,0,0,0,0,0,0,,,,,,,,,,,,,,,,,,,,,,,,,,,,,,
32-B-S,32,B,S,1,8,,1,1,1,1,1,1,1,0,0,0,0,0,0,0,,,,,,,,,,,,,,,,,,,,,,,,,,,,,
32-C-S,32,C,S,1,12,,1,1,1,1,1,1,0,1,0,0,1,0,0,0,0,0,0,0,,,,,,,,,,,,,,,,,,,,,,,,,
32-E-S,32,E,S,1,8,,1,1,1,1,1,1,1,0,0,0,0,0,0,0,,,,,,,,,,,,,,,,,,,,,,,,,,,,,
33-A-S,33,A,S,1,14,,1,1,1,1,1,1,1,1,1,0,1,0,1,0,0,0,0,0,0,0,,,,,,,,,,,,,,,,,,,,,,,
33-B-S,33,B,S,1,4,,1,1,1,0,0,0,0,0,0,0,0,0,0,0,0,0,0,0,0,,,,,,,,,,,,,,,,,,,,,,,,
33-C-S,33,C,S,0,3,1,1,1,1,DEAD,,,,,,,,,,,,,,,,,,,,,,,,,,,,,,,,,,,,,,,
33-D-S,33,D,S,1,10,,1,1,1,1,1,1,1,0,1,0,0,0,0,0,0,0,,,,,,,,,,,,,,,,,,,,,,,,,,,
33-E-S,33,E,S,1,7,,1,1,1,1,1,1,0,0,0,0,0,0,0,,,,,,,,,,,,,,,,,,,,,,,,,,,,,,
33-F-S,33,F,S,1,5,,1,1,1,1,0,0,0,0,0,0,0,0,,,,,,,,,,,,,,,,,,,,,,,,,,,,,,,
33-G-S,33,G,S,1,8,,1,1,1,1,1,1,1,0,0,0,0,0,0,0,,,,,,,,,,,,,,,,,,,,,,,,,,,,,
34-A-S,34,A,S,1,5,,1,1,1,1,0,0,0,0,0,0,0,0,,,,,,,,,,,,,,,,,,,,,,,,,,,,,,,
34-B-S,34,B,S,1,6,,1,1,0,1,1,0,0,0,0,0,0,0,,,,,,,,,,,,,,,,,,,,,,,,,,,,,,,
34-C-S,34,C,S,1,5,,1,1,1,1,0,0,0,0,0,0,0,0,,,,,,,,,,,,,,,,,,,,,,,,,,,,,,,
34-D-S,34,D,S,1,7,,1,1,1,1,1,1,0,0,0,0,0,0,0,,,,,,,,,,,,,,,,,,,,,,,,,,,,,,
34-E-S,34,E,S,1,6,,1,1,1,1,1,0,0,0,0,0,0,0,,,,,,,,,,,,,,,,,,,,,,,,,,,,,,,
34-F-S,34,F,S,1,4,,1,1,1,0,0,0,0,0,0,0,0,0,0,0,0,0,0,0,0,,,,,,,,,,,,,,,,,,,,,,,,
35-A-S,35,A,S,1,6,,1,1,1,1,1,0,0,0,0,0,0,0,,,,,,,,,,,,,,,,,,,,,,,,,,,,,,,
35-D-S,35,D,S,0,,1,DEAD,,,,,,,,,,,,,,,,,,,,,,,,,,,,,,,,,,,,,,,,,,
35-E-S,35,E,S,1,6,,1,1,1,0,1,0,0,0,0,0,0,0,,,,,,,,,,,,,,,,,,,,,,,,,,,,,,,
36-A-S,36,A,S,1,9,,1,1,1,1,0,0,0,1,0,0,0,0,0,0,0,,,,,,,,,,,,,,,,,,,,,,,,,,,,
36-B-S,36,B,S,1,8,,1,1,1,1,1,1,1,0,0,0,0,0,0,0,,,,,,,,,,,,,,,,,,,,,,,,,,,,,
36-C-S,36,C,S,1,15,,1,1,1,1,1,0,1,1,1,1,1,1,0,1,0,0,0,0,0,0,0,,,,,,,,,,,,,,,,,,,,,,
36-D-S,36,D,S,1,8,,1,1,1,1,1,1,1,0,0,0,0,0,0,0,,,,,,,,,,,,,,,,,,,,,,,,,,,,,
36-E-S,36,E,S,1,6,,1,1,1,1,1,0,0,0,0,0,0,0,,,,,,,,,,,,,,,,,,,,,,,,,,,,,,,
36-F-S,36,F,S,1,8,,1,1,1,1,1,1,1,0,0,0,0,0,0,0,,,,,,,,,,,,,,,,,,,,,,,,,,,,,
36-G-S,36,G,S,1,6,,1,1,1,1,1,0,0,0,0,0,0,0,,,,,,,,,,,,,,,,,,,,,,,,,,,,,,,
37-A-S,37,A,S,1,7,,1,1,1,1,0,1,0,0,0,0,0,0,0,,,,,,,,,,,,,,,,,,,,,,,,,,,,,,
37-D-S,37,D,S,1,5,,1,1,1,1,0,0,0,0,0,0,0,0,0,,,,,,,,,,,,,,,,,,,,,,,,,,,,,,
37-E-S,37,E,S,1,4,,1,1,1,0,0,0,0,0,0,0,0,0,0,0,0,0,0,0,0,,,,,,,,,,,,,,,,,,,,,,,,
37-G-S,37,G,S,1,4,,1,1,1,0,0,0,0,0,0,0,0,0,0,0,0,0,0,0,0,,,,,,,,,,,,,,,,,,,,,,,,
38-A-S,38,A,S,1,15,,1,1,1,1,1,1,0,1,1,1,1,1,0,1,0,0,0,0,0,0,0,,,,,,,,,,,,,,,,,,,,,,
38-B-S,38,B,S,1,6,,1,1,1,1,1,0,0,0,0,0,0,0,,,,,,,,,,,,,,,,,,,,,,,,,,,,,,,
38-C-S,38,C,S,1,9,,1,1,1,1,1,1,1,1,0,0,0,0,0,0,0,,,,,,,,,,,,,,,,,,,,,,,,,,,,
38-E-S,38,E,S,1,12,,1,1,1,1,1,1,1,0,1,0,1,0,0,0,0,0,0,0,,,,,,,,,,,,,,,,,,,,,,,,,
38-F-S,38,F,S,1,4,,1,1,1,0,0,0,0,0,0,0,0,0,0,0,0,0,0,0,,,,,,,,,,,,,,,,,,,,,,,,,
38-G-S,38,G,S,1,7,,1,1,1,1,0,1,0,0,0,0,0,0,0,,,,,,,,,,,,,,,,,,,,,,,,,,,,,,
39-A-S,39,A,S,1,6,,1,1,1,1,1,0,0,0,0,0,0,0,,,,,,,,,,,,,,,,,,,,,,,,,,,,,,,
39-B-S,39,B,S,1,12,,1,1,1,1,1,1,0,1,1,0,1,0,0,0,0,0,0,0,,,,,,,,,,,,,,,,,,,,,,,,,
39-D-S,39,D,S,0,6,1,0,0,0,0,0,0,DEAD,,,,,,,,,,,,,,,,,,,,,,,,,,,,,,,,,,,,
39-F-S,39,F,S,1,8,,1,1,1,1,1,0,1,0,0,0,0,0,0,0,,,,,,,,,,,,,,,,,,,,,,,,,,,,,
39-G-S,39,G,S,0,,1,DEAD,,,,,,,,,,,,,,,,,,,,,,,,,,,,,,,,,,,,,,,,,,
